barcode,sample_name,alias,type
barcode01,SP_E1,Sample1,test_sample
barcode02,SP_E2,Sample2,test_sample
barcode03,SP_E3,Sample3,test_sample
barcode04,SP_E4,Sample4,test_sample
barcode05,SP_E5,Sample5,test_sample
barcode06,SP_E6,Sample6,test_sample
barcode07,SP_E7,Sample7,test_sample
barcode08,SP_E8,NTC,no_template_control
barcode09,MA_E1,Sample1,test_sample
barcode10,MA_E2,Sample2,test_sample
barcode11,MA_E3,Sample3,test_sample
barcode12,MA_E4,Sample4,test_sample
barcode13,MA_E5,Sample5,test_sample
barcode14,MA_E6,Sample6,test_sample
barcode15,MA_E7,Sample7,test_sample
barcode16,MA_E8,NTC,no_template_control
barcode17,BW_E1,Sample1,test_sample
barcode18,BW_E2,Sample2,test_sample
barcode19,BW_E3,Sample3,test_sample
barcode20,BW_E4,Sample4,test_sample
barcode21,BW_E5,Sample5,test_sample
barcode22,BW_E6,Sample6,test_sample
barcode23,BW_E7,Sample7,test_sample
barcode24,BW_E8,NTC,no_template_control
barcode25,LTT_E1,Sample1,test_sample
barcode26,LTT_E2,Sample2,test_sample
barcode27,LTT_E3,Sample3,test_sample
barcode28,LTT_E4,Sample4,test_sample
barcode29,LTT_E5,Sample5,test_sample
barcode30,LTT_E6,Sample6,test_sample
barcode31,LTT_E7,Sample7,test_sample
barcode32,LTT_E8,NTC,no_template_control
