barcode,sample_name,alias,type
barcode41,SP_F1,Sample1,test_sample
barcode42,SP_F2,Sample2,test_sample
barcode43,SP_F3,Sample3,test_sample
barcode44,SP_F4,Sample4,test_sample
barcode45,SP_F5,Sample5,test_sample
barcode46,SP_F6,Sample6,test_sample
barcode47,SP_F7,Sample7,test_sample
barcode48,SP_F8,NTC,no_template_control
barcode49,CP_F1,Sample1,test_sample
barcode50,CP_F2,Sample2,test_sample
barcode51,CP_F3,Sample3,test_sample
barcode52,CP_F4,Sample4,test_sample
barcode53,CP_F5,Sample5,test_sample
barcode54,CP_F6,Sample6,test_sample
barcode55,CP_F7,Sample7,test_sample
barcode56,CP_F8,NTC,no_template_control
barcode57,TB_F1,Sample1,test_sample
barcode58,TB_F2,Sample2,test_sample
barcode59,TB_F3,Sample3,test_sample
barcode60,TB_F4,Sample4,test_sample
barcode61,TB_F5,Sample5,test_sample
barcode62,TB_F6,Sample6,test_sample
barcode63,TB_F7,Sample7,test_sample
barcode64,TB_F8,NTC,no_template_control
barcode65,JLC_F1,Sample1,test_sample
barcode66,JLC_F2,Sample2,test_sample
barcode67,JLC_F3,Sample3,test_sample
barcode68,JLC_F4,Sample4,test_sample
barcode69,JLC_F5,Sample5,test_sample
barcode70,JLC_F6,Sample6,test_sample
barcode71,JLC_F7,Sample7,test_sample
barcode72,JLC_F8,NTC,no_template_control
barcode73,TH_F1,Sample1,test_sample
barcode74,TH_F2,Sample2,test_sample
barcode75,TH_F3,Sample3,test_sample
barcode76,TH_F4,Sample4,test_sample
barcode77,TH_F5,Sample5,test_sample
barcode78,TH_F6,Sample6,test_sample
barcode79,TH_F7,Sample7,test_sample
barcode80,TH_F8,NTC,no_template_control
