barcode,sample_name,alias,type
barcode49,FH_D1,Sample1,test_sample
barcode50,FH_D2,Sample2,test_sample
barcode51,FH_D3,Sample3,test_sample
barcode52,FH_D4,Sample4,test_sample
barcode53,FH_D5,Sample5,test_sample
barcode54,FH_D6,Sample6,test_sample
barcode55,FH_D7,Sample7,test_sample
barcode56,FH_D8,NTC,no_template_control
barcode57,KK_D1,Sample1,test_sample
barcode58,KK_D2,Sample2,test_sample
barcode59,KK_D3,Sample3,test_sample
barcode60,KK_D4,Sample4,test_sample
barcode61,KK_D5,Sample5,test_sample
barcode62,KK_D6,Sample6,test_sample
barcode63,KK_D7,Sample7,test_sample
barcode64,KK_D8,NTC,no_template_control
barcode65,RN_D1,Sample1,test_sample
barcode66,RN_D2,Sample2,test_sample
barcode67,RN_D3,Sample3,test_sample
barcode68,RN_D4,Sample4,test_sample
barcode69,RN_D5,Sample5,test_sample
barcode70,RN_D6,Sample6,test_sample
barcode71,RN_D7,Sample7,test_sample
barcode72,RN_D8,NTC,no_template_control
barcode73,VT_D1,Sample1,test_sample
barcode74,VT_D2,Sample2,test_sample
barcode75,VT_D3,Sample3,test_sample
barcode76,VT_D4,Sample4,test_sample
barcode77,VT_D5,Sample5,test_sample
barcode78,VT_D6,Sample6,test_sample
barcode79,VT_D7,Sample7,test_sample
barcode80,VT_D8,NTC,no_template_control
