barcode,sample_name,alias,type
barcode41,OS_B1,Sample1,test_sample
barcode42,OS_B2,Sample2,test_sample
barcode43,OS_B3,Sample3,test_sample
barcode44,OS_B4,Sample4,test_sample
barcode45,OS_B5,Sample5,test_sample
barcode46,OS_B6,Sample6,test_sample
barcode47,OS_B7,Sample7,test_sample
barcode48,OS_B8,NTC,no_template_control
barcode49,VP_B1,Sample1,test_sample
barcode50,VP_B2,Sample2,test_sample
barcode51,VP_B3,Sample3,test_sample
barcode52,VP_B4,Sample4,test_sample
barcode53,VP_B5,Sample5,test_sample
barcode54,VP_B6,Sample6,test_sample
barcode55,VP_B7,Sample7,test_sample
barcode56,VP_B8,NTC,no_template_control
barcode81,PRY_B1,Sample1,test_sample
barcode82,PRY_B2,Sample2,test_sample
barcode83,PRY_B3,Sample3,test_sample
barcode84,PRY_B4,Sample4,test_sample
barcode85,PRY_B5,Sample5,test_sample
barcode86,PRY_B6,Sample6,test_sample
barcode87,PRY_B7,Sample7,test_sample
barcode88,PRY_B8,NTC,no_template_control
barcode65,NT_B1,Sample1,test_sample
barcode66,NT_B2,Sample2,test_sample
barcode67,NT_B3,Sample3,test_sample
barcode68,NT_B4,Sample4,test_sample
barcode69,NT_B5,Sample5,test_sample
barcode70,NT_B6,Sample6,test_sample
barcode71,NT_B7,Sample7,test_sample
barcode72,NT_B8,NTC,no_template_control
barcode73,LTD_B1,Sample1,test_sample
barcode74,LTD_B2,Sample2,test_sample
barcode75,LTD_B3,Sample3,test_sample
barcode76,LTD_B4,Sample4,test_sample
barcode77,LTD_B5,Sample5,test_sample
barcode78,LTD_B6,Sample6,test_sample
barcode79,LTD_B7,Sample7,test_sample
barcode80,LTD_B8,NTC,no_template_control
