barcode,sample_name,alias,type
barcode01,PP_C1,Sample1,test_sample
barcode02,PP_C2,Sample2,test_sample
barcode03,PP_C3,Sample3,test_sample
barcode04,PP_C4,Sample4,test_sample
barcode05,PP_C5,Sample5,test_sample
barcode06,PP_C6,Sample6,test_sample
barcode07,PP_C7,Sample7,test_sample
barcode08,PP_C8,NTC,no_template_control
barcode09,SX_C1,Sample1,test_sample
barcode10,SX_C2,Sample2,test_sample
barcode11,SX_C3,Sample3,test_sample
barcode12,SX_C4,Sample4,test_sample
barcode13,SX_C5,Sample5,test_sample
barcode14,SX_C6,Sample6,test_sample
barcode15,SX_C7,Sample7,test_sample
barcode16,SX_C8,NTC,no_template_control
barcode17,SYE_C1,Sample1,test_sample
barcode18,SYE_C2,Sample2,test_sample
barcode19,SYE_C3,Sample3,test_sample
barcode20,SYE_C4,Sample4,test_sample
barcode21,SYE_C5,Sample5,test_sample
barcode22,SYE_C6,Sample6,test_sample
barcode23,SYE_C7,Sample7,test_sample
barcode24,SYE_C8,NTC,no_template_control
barcode25,NTY_C1,Sample1,test_sample
barcode26,NTY_C2,Sample2,test_sample
barcode27,NTY_C3,Sample3,test_sample
barcode28,NTY_C4,Sample4,test_sample
barcode29,NTY_C5,Sample5,test_sample
barcode30,NTY_C6,Sample6,test_sample
barcode31,NTY_C7,Sample7,test_sample
barcode32,NTY_C8,NTC,no_template_control
barcode33,NJ_C1,Sample1,test_sample
barcode34,NJ_C2,Sample2,test_sample
barcode35,NJ_C3,Sample3,test_sample
barcode36,NJ_C4,Sample4,test_sample
barcode37,NJ_C5,Sample5,test_sample
barcode38,NJ_C6,Sample6,test_sample
barcode39,NJ_C7,Sample7,test_sample
barcode40,NJ_C8,NTC,no_template_control
